DATA_LOAD_ID,RAW_SRC_PK,RAW_SRC_PK_TYP,RAW_FK,RAW_FK_TYP,PRIMARY_NAME,BUS_NM_TYP
ALL_FDIC_201904,"1,324,832,491",PR_RECORD_ID,5555123457,TRADE_NAME_RECORD_ID,"BANK OF SOCIAL CIRCLE, A DIVISION OF BANK OF MADISON",TRADE_NAME
ALL_FDIC_201904,"1,324,833,253",PR_RECORD_ID,5555123464,TRADE_NAME_RECORD_ID,F&M BANK,TRADE_NAME
ALL_FDIC_201904,"1,324,833,713",PR_RECORD_ID,5555123470,TRADE_NAME_RECORD_ID,PATHWAY FINANCIAL CENTRE,TRADE_NAME
ALL_FDIC_201904,"1,324,833,880",PR_RECORD_ID,5555123473,TRADE_NAME_RECORD_ID,AMEGY BANK OF TEXAS,TRADE_NAME
ALL_FDIC_201904,"1,324,835,180",PR_RECORD_ID,5555123500,TRADE_NAME_RECORD_ID,FIRST NATIONAL BANK OF CROWLEY,TRADE_NAME
ALL_FDIC_201904,"1,324,836,127",PR_RECORD_ID,5555123511,TRADE_NAME_RECORD_ID,CUERO NATIONAL BANK,TRADE_NAME
ALL_FDIC_201904,"1,324,836,490",PR_RECORD_ID,5555123514,TRADE_NAME_RECORD_ID,WEST TENNESSEE BANK,TRADE_NAME
ALL_FDIC_201904,"1,324,836,928",PR_RECORD_ID,5555123516,TRADE_NAME_RECORD_ID,FNBP,TRADE_NAME
ALL_FDIC_201904,"1,324,836,953",PR_RECORD_ID,5555123517,TRADE_NAME_RECORD_ID,NATIONAL BANK,TRADE_NAME
ALL_FDIC_201904,"1,324,837,427",PR_RECORD_ID,5555123521,TRADE_NAME_RECORD_ID,FNB,TRADE_NAME
ALL_FDIC_201904,"1,324,837,446",PR_RECORD_ID,5555123522,TRADE_NAME_RECORD_ID,BNY MELLON,TRADE_NAME
ALL_FDIC_201904,"1,324,840,146",PR_RECORD_ID,5555123553,TRADE_NAME_RECORD_ID,COMMUNITY BANK A DIVISION OF FIRST STATE BANK,TRADE_NAME
ALL_FDIC_201904,"1,324,840,490",PR_RECORD_ID,5555123557,TRADE_NAME_RECORD_ID,PORTER BANK,TRADE_NAME
ALL_FDIC_201904,"1,324,841,160",PR_RECORD_ID,5555123562,TRADE_NAME_RECORD_ID,COUNTY NATIONAL BANK,TRADE_NAME
ALL_FDIC_201904,"1,324,841,243",PR_RECORD_ID,5555123563,TRADE_NAME_RECORD_ID,HOME NATIONAL BANK,TRADE_NAME
ALL_FDIC_201904,"1,324,842,293",PR_RECORD_ID,5555123571,TRADE_NAME_RECORD_ID,STATE BANK OF JEWETT (A DIVISION OF ALLIANCE BANK CENTRAL TEXAS),TRADE_NAME
ALL_FDIC_201904,"1,324,844,034",PR_RECORD_ID,5555123593,TRADE_NAME_RECORD_ID,SSBFERGUS,TRADE_NAME
ALL_FDIC_201904,"1,324,845,498",PR_RECORD_ID,5555123604,TRADE_NAME_RECORD_ID,FM BANK,TRADE_NAME
ALL_FDIC_201904,"1,324,848,857",PR_RECORD_ID,5555123621,TRADE_NAME_RECORD_ID,REPUBLIC BANK,TRADE_NAME
ALL_FDIC_201904,"1,324,850,593",PR_RECORD_ID,5555123636,TRADE_NAME_RECORD_ID,"BIG LAKE BANK, A BRANCH OF TEXAS FINANCIAL BANK",TRADE_NAME
ALL_FDIC_201904,"1,324,858,274",PR_RECORD_ID,5555123682,TRADE_NAME_RECORD_ID,TOWNEBANK OF CURRITUCK,TRADE_NAME
ALL_FDIC_201904,"1,324,858,333",PR_RECORD_ID,5555123683,TRADE_NAME_RECORD_ID,ACCESSNATIONALBANK,TRADE_NAME
ALL_FDIC_201904,"1,324,858,831",PR_RECORD_ID,5555123688,TRADE_NAME_RECORD_ID,MODERN WOODMEN BANK,TRADE_NAME
ALL_FDIC_201904,"1,324,859,090",PR_RECORD_ID,5555123690,TRADE_NAME_RECORD_ID,BEAL BANK,TRADE_NAME
ALL_FDIC_201904,"1,324,833,625",PR_RECORD_ID,5555123469,TRADE_NAME_RECORD_ID,BROTHERHOOD BANK & TRUST,TRADE_NAME
ALL_FDIC_201904,"1,324,834,111",PR_RECORD_ID,5555123475,TRADE_NAME_RECORD_ID,CVNB,TRADE_NAME
ALL_FDIC_201904,"1,324,834,786",PR_RECORD_ID,5555123491,TRADE_NAME_RECORD_ID,NEW HOLLAND BANKING CENTER,TRADE_NAME
ALL_FDIC_201904,"1,324,835,140",PR_RECORD_ID,5555123498,TRADE_NAME_RECORD_ID,FIRST NATIONAL BANK OF GROVE,TRADE_NAME
ALL_FDIC_201904,"1,324,835,150",PR_RECORD_ID,5555123499,TRADE_NAME_RECORD_ID,YNB MUSTANG,TRADE_NAME
ALL_FDIC_201904,"1,324,835,554",PR_RECORD_ID,5555123507,TRADE_NAME_RECORD_ID,THE BANK OF PAWHUSKA,TRADE_NAME
ALL_FDIC_201904,"1,324,836,381",PR_RECORD_ID,5555123513,TRADE_NAME_RECORD_ID,CALVIN B. TAYLOR BANK,TRADE_NAME
ALL_FDIC_201904,"1,324,837,562",PR_RECORD_ID,5555123524,TRADE_NAME_RECORD_ID,CAMBRIDGE TRUST,TRADE_NAME
ALL_FDIC_201904,"1,324,837,855",PR_RECORD_ID,5555123527,TRADE_NAME_RECORD_ID,BANK OF ASHLAND,TRADE_NAME
ALL_FDIC_201904,"1,324,838,690",PR_RECORD_ID,5555123536,TRADE_NAME_RECORD_ID,"MINERS BANK, A DIVISION OF MID PENN BANK",TRADE_NAME
ALL_FDIC_201904,"1,324,838,887",PR_RECORD_ID,5555123539,TRADE_NAME_RECORD_ID,FARMERS & MERCHANTS STATE BANK OF CLARKFIELD,TRADE_NAME
ALL_FDIC_201904,"1,324,839,328",PR_RECORD_ID,5555123544,TRADE_NAME_RECORD_ID,"MEREDOSIA COMMUNITY BANK, A FACILITY OF THE BANK OF BLUFFS",TRADE_NAME
ALL_FDIC_201904,"1,324,842,131",PR_RECORD_ID,5555123570,TRADE_NAME_RECORD_ID,STATE BANK,TRADE_NAME
ALL_FDIC_201904,"1,324,842,843",PR_RECORD_ID,5555123578,TRADE_NAME_RECORD_ID,MBT,TRADE_NAME
ALL_FDIC_201904,"1,324,843,734",PR_RECORD_ID,5555123588,TRADE_NAME_RECORD_ID,M C BANK,TRADE_NAME
ALL_FDIC_201904,"1,324,843,897",PR_RECORD_ID,5555123590,TRADE_NAME_RECORD_ID,SUITE 100 PRIVATE BANKING,TRADE_NAME
ALL_FDIC_201904,"1,324,843,915",PR_RECORD_ID,5555123591,TRADE_NAME_RECORD_ID,SCB BANK,TRADE_NAME
ALL_FDIC_201904,"1,324,844,194",PR_RECORD_ID,5555123596,TRADE_NAME_RECORD_ID,"BRAVE NATIONAL BAN, A DIVISION OF FIRST NATIONAL BANK OF FORT STOCKTON",TRADE_NAME
ALL_FDIC_201904,"1,324,844,835",PR_RECORD_ID,5555123601,TRADE_NAME_RECORD_ID,ABC BANK,TRADE_NAME
ALL_FDIC_201904,"1,324,847,703",PR_RECORD_ID,5555123609,TRADE_NAME_RECORD_ID,TRADITIONS BANK,TRADE_NAME
ALL_FDIC_201904,"1,324,849,096",PR_RECORD_ID,5555123623,TRADE_NAME_RECORD_ID,SACRAMENTO BANK OF COMMERCE,TRADE_NAME
ALL_FDIC_201904,"1,324,849,726",PR_RECORD_ID,5555123625,TRADE_NAME_RECORD_ID,BANK OF AMERICA,TRADE_NAME
ALL_FDIC_201904,"1,324,850,273",PR_RECORD_ID,5555123630,TRADE_NAME_RECORD_ID,"NORTHAMPTON COOPERATIVE BANK, A DIVISION OF GREENFIELD COOPERATIVE BANK",TRADE_NAME
ALL_FDIC_201904,"1,324,852,071",PR_RECORD_ID,5555123644,TRADE_NAME_RECORD_ID,"KENTUCKY FEDERAL, A DIVISION OF CINCINNATI FEDERAL",TRADE_NAME
ALL_FDIC_201904,"1,324,852,454",PR_RECORD_ID,5555123648,TRADE_NAME_RECORD_ID,"MORGAN FEDERAL BANK, A BRANCH OF GOLDEN BELT BANK, FSA",TRADE_NAME
ALL_FDIC_201904,"1,324,852,606",PR_RECORD_ID,5555123650,TRADE_NAME_RECORD_ID,INVESTORS COMMERCIAL INC.,TRADE_NAME
ALL_FDIC_201904,"1,324,853,269",PR_RECORD_ID,5555123654,TRADE_NAME_RECORD_ID,"BANK OF ST. CROIX, A DIVISION OF UNITED FIDELITY BANK, FSB",TRADE_NAME
ALL_FDIC_201904,"1,324,856,082",PR_RECORD_ID,5555123666,TRADE_NAME_RECORD_ID,UNITED FINANCIAL BANK OF FLORIDA,TRADE_NAME
ALL_FDIC_201904,"1,324,856,182",PR_RECORD_ID,5555123667,TRADE_NAME_RECORD_ID,"DESERT COMMUNITY BANK, A DIVISION OF FLAGSTAR BANK",TRADE_NAME
ALL_FDIC_201904,"1,324,857,028",PR_RECORD_ID,5555123669,TRADE_NAME_RECORD_ID,EASTERN SIERRA COMMUNITY BANK,TRADE_NAME
ALL_FDIC_201904,"1,324,858,426",PR_RECORD_ID,5555123684,TRADE_NAME_RECORD_ID,UTAH COMMUNITY BANK,TRADE_NAME
ALL_FDIC_201904,"1,324,833,552",PR_RECORD_ID,5555123467,TRADE_NAME_RECORD_ID,CITIZENS STATE BANK OF RIDGWAY,TRADE_NAME
ALL_FDIC_201904,"1,324,834,447",PR_RECORD_ID,5555123481,TRADE_NAME_RECORD_ID,WOOD COUNTY NATIONAL BANK,TRADE_NAME
ALL_FDIC_201904,"1,324,834,521",PR_RECORD_ID,5555123483,TRADE_NAME_RECORD_ID,THE MARFA NATIONAL BANK,TRADE_NAME
ALL_FDIC_201904,"1,324,834,527",PR_RECORD_ID,5555123484,TRADE_NAME_RECORD_ID,TFNB YOUR BANK FOR LIFE,TRADE_NAME
ALL_FDIC_201904,"1,324,834,587",PR_RECORD_ID,5555123486,TRADE_NAME_RECORD_ID,"SECURITY BANK, QUANAH, TX",TRADE_NAME
ALL_FDIC_201904,"1,324,834,661",PR_RECORD_ID,5555123488,TRADE_NAME_RECORD_ID,FIRST FEDERAL BANK OF TUSCOLA,TRADE_NAME
ALL_FDIC_201904,"1,324,834,827",PR_RECORD_ID,5555123492,TRADE_NAME_RECORD_ID,BEAN CAPITAL BANKING CENTER,TRADE_NAME
ALL_FDIC_201904,"1,324,834,890",PR_RECORD_ID,5555123494,TRADE_NAME_RECORD_ID,"FIRST NATIONAL BANK OF NWA""A DIVISION OF FIRST NATIONAL BANK OF FORT SMITH""",TRADE_NAME
ALL_FDIC_201904,"1,324,835,009",PR_RECORD_ID,5555123495,TRADE_NAME_RECORD_ID,MIDFIRST PRIVATE BANK,TRADE_NAME
ALL_FDIC_201904,"1,324,835,102",PR_RECORD_ID,5555123496,TRADE_NAME_RECORD_ID,FIRST NATIONAL BANK OF DAVIS,TRADE_NAME
ALL_FDIC_201904,"1,324,835,525",PR_RECORD_ID,5555123504,TRADE_NAME_RECORD_ID,FIRST BANK,TRADE_NAME
ALL_FDIC_201904,"1,324,837,301",PR_RECORD_ID,5555123520,TRADE_NAME_RECORD_ID,JVB,TRADE_NAME
ALL_FDIC_201904,"1,324,837,506",PR_RECORD_ID,5555123523,TRADE_NAME_RECORD_ID,BANKHAUS,TRADE_NAME
ALL_FDIC_201904,"1,324,838,548",PR_RECORD_ID,5555123534,TRADE_NAME_RECORD_ID,"ALL AMERICAN MUSTANG BANK, TECUMSEH ELEMENTARY SCHOOL, TECUMSEH, KS",TRADE_NAME
ALL_FDIC_201904,"1,324,839,611",PR_RECORD_ID,5555123548,TRADE_NAME_RECORD_ID,MARENGO BANK FACILITY OF GRINNELL STATE BANK,TRADE_NAME
ALL_FDIC_201904,"1,324,841,091",PR_RECORD_ID,5555123561,TRADE_NAME_RECORD_ID,"FOUNDATION BANK, DIVISION OF MCKENZIE BANKING COMPANY",TRADE_NAME
ALL_FDIC_201904,"1,324,843,339",PR_RECORD_ID,5555123583,TRADE_NAME_RECORD_ID,TALIHINA BRANCH SPIRO STATE BANK,TRADE_NAME
ALL_FDIC_201904,"1,324,843,514",PR_RECORD_ID,5555123586,TRADE_NAME_RECORD_ID,IRWIN COUNTY STATE BANK,TRADE_NAME
ALL_FDIC_201904,"1,324,844,066",PR_RECORD_ID,5555123594,TRADE_NAME_RECORD_ID,HANSTON STATE BANK,TRADE_NAME
ALL_FDIC_201904,"1,324,844,836",PR_RECORD_ID,5555123602,TRADE_NAME_RECORD_ID,BANK OF ATCHISON,TRADE_NAME
ALL_FDIC_201904,"1,324,845,507",PR_RECORD_ID,5555123605,TRADE_NAME_RECORD_ID,"EAGLE BANK, A BRANCH OF ROUND TOP STATE BANK",TRADE_NAME
ALL_FDIC_201904,"1,324,848,206",PR_RECORD_ID,5555123613,TRADE_NAME_RECORD_ID,COMMERCE NATIONAL BANK,TRADE_NAME
ALL_FDIC_201904,"1,324,848,743",PR_RECORD_ID,5555123616,TRADE_NAME_RECORD_ID,COMMUNITY WEALTH GROUP,TRADE_NAME
ALL_FDIC_201904,"1,324,848,851",PR_RECORD_ID,5555123619,TRADE_NAME_RECORD_ID,DEDHAM SAVINGS,TRADE_NAME
ALL_FDIC_201904,"1,324,850,143",PR_RECORD_ID,5555123627,TRADE_NAME_RECORD_ID,THE FIRST NATIONAL BANK IN COMANCHE,TRADE_NAME
ALL_FDIC_201904,"1,324,850,219",PR_RECORD_ID,5555123629,TRADE_NAME_RECORD_ID,RBC BANK,TRADE_NAME
ALL_FDIC_201904,"1,324,850,397",PR_RECORD_ID,5555123633,TRADE_NAME_RECORD_ID,BANKHOMETOWN,TRADE_NAME
ALL_FDIC_201904,"1,324,851,909",PR_RECORD_ID,5555123643,TRADE_NAME_RECORD_ID,NORTHWEST BANK,TRADE_NAME
ALL_FDIC_201904,"1,324,852,552",PR_RECORD_ID,5555123649,TRADE_NAME_RECORD_ID,PARK PLACE FINANCIAL ADVISORS,TRADE_NAME
ALL_FDIC_201904,"1,324,852,724",PR_RECORD_ID,5555123651,TRADE_NAME_RECORD_ID,WHIDBEY ISLAND BANK,TRADE_NAME
ALL_FDIC_201904,"1,324,853,397",PR_RECORD_ID,5555123656,TRADE_NAME_RECORD_ID,BANK OF BUFFALO,TRADE_NAME
ALL_FDIC_201904,"1,324,858,108",PR_RECORD_ID,5555123679,TRADE_NAME_RECORD_ID,GREENWICH BANK AND TRUST COMPANY,TRADE_NAME
ALL_FDIC_201904,"1,324,858,742",PR_RECORD_ID,5555123685,TRADE_NAME_RECORD_ID,BARCLAYS,TRADE_NAME
ALL_FDIC_201904,"1,324,859,463",PR_RECORD_ID,5555123697,TRADE_NAME_RECORD_ID,MOUNTAIN VALLEY COMMUNITY BANK A DIVISION OF THE PIEDMONT BANK,TRADE_NAME
ALL_FDIC_201904,"1,324,859,579",PR_RECORD_ID,5555123698,TRADE_NAME_RECORD_ID,BANK OF THE FINGER LAKES,TRADE_NAME
ALL_FDIC_201904,"1,324,832,776",PR_RECORD_ID,5555123459,TRADE_NAME_RECORD_ID,MAUNFACTURERS & TRADERS TRUST COMPANY,TRADE_NAME
ALL_FDIC_201904,"1,324,832,793",PR_RECORD_ID,5555123460,TRADE_NAME_RECORD_ID,CHASE,TRADE_NAME
ALL_FDIC_201904,"1,324,833,611",PR_RECORD_ID,5555123468,TRADE_NAME_RECORD_ID,"VIKING STATE BANK & TRUST, A DIVISION OF WAUKON STATE BANK",TRADE_NAME
ALL_FDIC_201904,"1,324,834,204",PR_RECORD_ID,5555123476,TRADE_NAME_RECORD_ID,FNB,TRADE_NAME
ALL_FDIC_201904,"1,324,834,425",PR_RECORD_ID,5555123480,TRADE_NAME_RECORD_ID,FIRST NATIONAL BANK - GATESVILLE,TRADE_NAME
ALL_FDIC_201904,"1,324,834,566",PR_RECORD_ID,5555123485,TRADE_NAME_RECORD_ID,OZONA BANK,TRADE_NAME
ALL_FDIC_201904,"1,324,834,611",PR_RECORD_ID,5555123487,TRADE_NAME_RECORD_ID,BANK OF AMERICA,TRADE_NAME
ALL_FDIC_201904,"1,324,834,889",PR_RECORD_ID,5555123493,TRADE_NAME_RECORD_ID,FIRST NATIONAL BANK & TRUST,TRADE_NAME
ALL_FDIC_201904,"1,324,838,576",PR_RECORD_ID,5555123535,TRADE_NAME_RECORD_ID,COMPASS EXCHANGE ADVISORS,TRADE_NAME
ALL_FDIC_201904,"1,324,839,017",PR_RECORD_ID,5555123541,TRADE_NAME_RECORD_ID,STATE BANK LA CROSSE,TRADE_NAME
ALL_FDIC_201904,"1,324,839,590",PR_RECORD_ID,5555123547,TRADE_NAME_RECORD_ID,FARINA BANKING CENTER,TRADE_NAME
ALL_FDIC_201904,"1,324,839,663",PR_RECORD_ID,5555123549,TRADE_NAME_RECORD_ID,BANK OF YAZOO,TRADE_NAME
ALL_FDIC_201904,"1,324,841,463",PR_RECORD_ID,5555123566,TRADE_NAME_RECORD_ID,FIRST NATIONAL BANK,TRADE_NAME
ALL_FDIC_201904,"1,324,842,787",PR_RECORD_ID,5555123576,TRADE_NAME_RECORD_ID,"BANK OF EASTERN WASHINGTON, A BRANCH OF BANK OF EASTERN OREGON",TRADE_NAME
ALL_FDIC_201904,"1,324,842,790",PR_RECORD_ID,5555123577,TRADE_NAME_RECORD_ID,CLARENCESTATEBANK,TRADE_NAME
ALL_FDIC_201904,"1,324,843,399",PR_RECORD_ID,5555123584,TRADE_NAME_RECORD_ID,PINNACLE BANK,TRADE_NAME
ALL_FDIC_201904,"1,324,845,717",PR_RECORD_ID,5555123606,TRADE_NAME_RECORD_ID,HEALTHCAREBANK,TRADE_NAME
ALL_FDIC_201904,"1,324,848,154",PR_RECORD_ID,5555123612,TRADE_NAME_RECORD_ID,COLORADO BUSINESS BANK,TRADE_NAME
ALL_FDIC_201904,"1,324,851,009",PR_RECORD_ID,5555123637,TRADE_NAME_RECORD_ID,"MOORE COUNTY BANK, A BRANCH OF FIRST COMMUNITY BANK OF TENNESSEE",TRADE_NAME
ALL_FDIC_201904,"1,324,851,819",PR_RECORD_ID,5555123642,TRADE_NAME_RECORD_ID,NELSONVILLE HOME AND SAVINGS BANK,TRADE_NAME
ALL_FDIC_201904,"1,324,852,253",PR_RECORD_ID,5555123645,TRADE_NAME_RECORD_ID,FIRST BANK,TRADE_NAME
ALL_FDIC_201904,"1,324,852,398",PR_RECORD_ID,5555123646,TRADE_NAME_RECORD_ID,ILLINOIS STATE BANK,TRADE_NAME
ALL_FDIC_201904,"1,324,854,069",PR_RECORD_ID,5555123659,TRADE_NAME_RECORD_ID,FIRSTBANK FLORIDA,TRADE_NAME
ALL_FDIC_201904,"1,324,854,485",PR_RECORD_ID,5555123661,TRADE_NAME_RECORD_ID,FIRST PEKIN SAVINGS BANK,TRADE_NAME
ALL_FDIC_201904,"1,324,858,083",PR_RECORD_ID,5555123678,TRADE_NAME_RECORD_ID,"THE COMMUNITY BANK OF EAST TENNESSEE, AN OFFICE OF SOUTHERN BANK OF TENNESSEE",TRADE_NAME
ALL_FDIC_201904,"1,324,833,203",PR_RECORD_ID,5555123463,TRADE_NAME_RECORD_ID,CBTX,TRADE_NAME
ALL_FDIC_201904,"1,324,833,447",PR_RECORD_ID,5555123465,TRADE_NAME_RECORD_ID,"BANK OF MEMPHIS, A DIVISION OF BANK OF KIRKSVILLE",TRADE_NAME
ALL_FDIC_201904,"1,324,833,849",PR_RECORD_ID,5555123472,TRADE_NAME_RECORD_ID,"BANK OF JOLIET, BANK OF THERMOPOLIS",TRADE_NAME
ALL_FDIC_201904,"1,324,834,414",PR_RECORD_ID,5555123479,TRADE_NAME_RECORD_ID,"THE DUBLIN NATIONAL BANK DIVISION OF BANK OF HOUSTON, N.A.",TRADE_NAME
ALL_FDIC_201904,"1,324,834,484",PR_RECORD_ID,5555123482,TRADE_NAME_RECORD_ID,CROCKETT BANK,TRADE_NAME
ALL_FDIC_201904,"1,324,835,137",PR_RECORD_ID,5555123497,TRADE_NAME_RECORD_ID,BANK OF ALBUQUERQUE,TRADE_NAME
ALL_FDIC_201904,"1,324,837,294",PR_RECORD_ID,5555123519,TRADE_NAME_RECORD_ID,"HALIFAX BANK, AN OPERATING DIVISION OF RIVERVIEW BANK",TRADE_NAME
ALL_FDIC_201904,"1,324,837,676",PR_RECORD_ID,5555123525,TRADE_NAME_RECORD_ID,"THE STATE BANK OF BARTLEY, A DIVISION OF STOCKMENS BANK",TRADE_NAME
ALL_FDIC_201904,"1,324,837,977",PR_RECORD_ID,5555123530,TRADE_NAME_RECORD_ID,LIBERTY BELL BANK A DIVISION OF THE BANK OF DELMARVA,TRADE_NAME
ALL_FDIC_201904,"1,324,838,345",PR_RECORD_ID,5555123533,TRADE_NAME_RECORD_ID,FM BANK,TRADE_NAME
ALL_FDIC_201904,"1,324,838,965",PR_RECORD_ID,5555123540,TRADE_NAME_RECORD_ID,THE BANK OF HARDEMAN COUNTY,TRADE_NAME
ALL_FDIC_201904,"1,324,840,578",PR_RECORD_ID,5555123558,TRADE_NAME_RECORD_ID,"TRINITY CAPITAL BANK OF TEXAS, A BRANCH OF ENNIS STATE BANK",TRADE_NAME
ALL_FDIC_201904,"1,324,841,442",PR_RECORD_ID,5555123565,TRADE_NAME_RECORD_ID,AMERICAN NATIONAL BANK,TRADE_NAME
ALL_FDIC_201904,"1,324,841,917",PR_RECORD_ID,5555123568,TRADE_NAME_RECORD_ID,GARDEN CITY STATE BANK A BRANCH OF KEARNY COUNTY BANK,TRADE_NAME
ALL_FDIC_201904,"1,324,842,607",PR_RECORD_ID,5555123575,TRADE_NAME_RECORD_ID,QUEENS COUNTY SAVINGS BANK,TRADE_NAME
ALL_FDIC_201904,"1,324,843,237",PR_RECORD_ID,5555123582,TRADE_NAME_RECORD_ID,COCHRAN BANK AND TRUST,TRADE_NAME
ALL_FDIC_201904,"1,324,843,485",PR_RECORD_ID,5555123585,TRADE_NAME_RECORD_ID,THE PEOPLES BANK - A DIVISION OF PERSONS BANKING COMPANY,TRADE_NAME
ALL_FDIC_201904,"1,324,847,252",PR_RECORD_ID,5555123608,TRADE_NAME_RECORD_ID,CARTER COUNTY BANK,TRADE_NAME
ALL_FDIC_201904,"1,324,847,967",PR_RECORD_ID,5555123611,TRADE_NAME_RECORD_ID,WINDSOR STATE BANK,TRADE_NAME
ALL_FDIC_201904,"1,324,848,264",PR_RECORD_ID,5555123614,TRADE_NAME_RECORD_ID,UNION BANK,TRADE_NAME
ALL_FDIC_201904,"1,324,850,027",PR_RECORD_ID,5555123626,TRADE_NAME_RECORD_ID,MIDSOUTH NATIONAL BANK,TRADE_NAME
ALL_FDIC_201904,"1,324,850,327",PR_RECORD_ID,5555123631,TRADE_NAME_RECORD_ID,FIDELITY BANK,TRADE_NAME
ALL_FDIC_201904,"1,324,851,729",PR_RECORD_ID,5555123641,TRADE_NAME_RECORD_ID,TWIN OAKS SAVINGS BANK,TRADE_NAME
ALL_FDIC_201904,"1,324,855,651",PR_RECORD_ID,5555123664,TRADE_NAME_RECORD_ID,BOONE COUNTY BANK,TRADE_NAME
ALL_FDIC_201904,"1,324,857,073",PR_RECORD_ID,5555123670,TRADE_NAME_RECORD_ID,FIRST NATIONAL BANK COASTAL COMMNUITY,TRADE_NAME
ALL_FDIC_201904,"1,324,857,321",PR_RECORD_ID,5555123671,TRADE_NAME_RECORD_ID,COLUMBIA BANK,TRADE_NAME
ALL_FDIC_201904,"1,324,858,255",PR_RECORD_ID,5555123681,TRADE_NAME_RECORD_ID,SURF CITY BANK,TRADE_NAME
ALL_FDIC_201904,"1,324,859,169",PR_RECORD_ID,5555123691,TRADE_NAME_RECORD_ID,CITIZENS BANK,TRADE_NAME
ALL_FDIC_201904,"1,324,859,337",PR_RECORD_ID,5555123693,TRADE_NAME_RECORD_ID,FIRST VISION BANK,TRADE_NAME
ALL_FDIC_201904,"1,324,859,595",PR_RECORD_ID,5555123699,TRADE_NAME_RECORD_ID,IGOBANKING,TRADE_NAME
ALL_FDIC_201904,"1,324,859,877",PR_RECORD_ID,5555123702,TRADE_NAME_RECORD_ID,MARTHA'S VINEYARD BANK,TRADE_NAME
ALL_FDIC_201904,"1,324,832,942",PR_RECORD_ID,5555123462,TRADE_NAME_RECORD_ID,MILLION PINES COMMUNITY BANK,TRADE_NAME
ALL_FDIC_201904,"1,324,834,339",PR_RECORD_ID,5555123477,TRADE_NAME_RECORD_ID,FIRST BANK TEXAS,TRADE_NAME
ALL_FDIC_201904,"1,324,834,340",PR_RECORD_ID,5555123478,TRADE_NAME_RECORD_ID,"BANK OF SAN ANGELO, A BRANCH OF THE FIRST NATIONAL BANK OF BALLINGER",TRADE_NAME
ALL_FDIC_201904,"1,324,835,689",PR_RECORD_ID,5555123508,TRADE_NAME_RECORD_ID,CAPITAL BANK,TRADE_NAME
ALL_FDIC_201904,"1,324,836,053",PR_RECORD_ID,5555123509,TRADE_NAME_RECORD_ID,PLATTE VALLEY COMPANIES,TRADE_NAME
ALL_FDIC_201904,"1,324,836,148",PR_RECORD_ID,5555123512,TRADE_NAME_RECORD_ID,CAPTEX BANK,TRADE_NAME
ALL_FDIC_201904,"1,324,836,826",PR_RECORD_ID,5555123515,TRADE_NAME_RECORD_ID,CENTURY NATIONAL BANK/UNITED BANK NA,TRADE_NAME
ALL_FDIC_201904,"1,324,837,886",PR_RECORD_ID,5555123528,TRADE_NAME_RECORD_ID,"FARMERS STATE BANK - SCOTTS HILL, TN",TRADE_NAME
ALL_FDIC_201904,"1,324,838,764",PR_RECORD_ID,5555123538,TRADE_NAME_RECORD_ID,SARATOGA COMMUNITY BANK,TRADE_NAME
ALL_FDIC_201904,"1,324,840,451",PR_RECORD_ID,5555123556,TRADE_NAME_RECORD_ID,BANK OF AMERICAN FORK,TRADE_NAME
ALL_FDIC_201904,"1,324,840,774",PR_RECORD_ID,5555123559,TRADE_NAME_RECORD_ID,LONOKE BANKING CENTER,TRADE_NAME
ALL_FDIC_201904,"1,324,842,370",PR_RECORD_ID,5555123573,TRADE_NAME_RECORD_ID,AYARS BANK,TRADE_NAME
ALL_FDIC_201904,"1,324,842,405",PR_RECORD_ID,5555123574,TRADE_NAME_RECORD_ID,FMBANK,TRADE_NAME
ALL_FDIC_201904,"1,324,842,936",PR_RECORD_ID,5555123579,TRADE_NAME_RECORD_ID,LOMAX BANKING CENTER,TRADE_NAME
ALL_FDIC_201904,"1,324,843,066",PR_RECORD_ID,5555123581,TRADE_NAME_RECORD_ID,BMO HARRIS BANK,TRADE_NAME
ALL_FDIC_201904,"1,324,843,602",PR_RECORD_ID,5555123587,TRADE_NAME_RECORD_ID,ALBANK,TRADE_NAME
ALL_FDIC_201904,"1,324,843,752",PR_RECORD_ID,5555123589,TRADE_NAME_RECORD_ID,PLATTE VALLEY COMPANY,TRADE_NAME
ALL_FDIC_201904,"1,324,844,302",PR_RECORD_ID,5555123597,TRADE_NAME_RECORD_ID,WOODSVILLE BANKING CENTER,TRADE_NAME
ALL_FDIC_201904,"1,324,844,674",PR_RECORD_ID,5555123599,TRADE_NAME_RECORD_ID,MCB ON MAIN,TRADE_NAME
ALL_FDIC_201904,"1,324,845,225",PR_RECORD_ID,5555123603,TRADE_NAME_RECORD_ID,BBVA COMPASS,TRADE_NAME
ALL_FDIC_201904,"1,324,848,299",PR_RECORD_ID,5555123615,TRADE_NAME_RECORD_ID,COMMUNITY BANK OF PECULIAR,TRADE_NAME
ALL_FDIC_201904,"1,324,848,808",PR_RECORD_ID,5555123618,TRADE_NAME_RECORD_ID,MUNICIPAL BANK,TRADE_NAME
ALL_FDIC_201904,"1,324,849,217",PR_RECORD_ID,5555123624,TRADE_NAME_RECORD_ID,HILLCOUNTRYNATIONALBANK,TRADE_NAME
ALL_FDIC_201904,"1,324,854,559",PR_RECORD_ID,5555123662,TRADE_NAME_RECORD_ID,OKLAHOMA FIDELITY BANK,TRADE_NAME
ALL_FDIC_201904,"1,324,854,618",PR_RECORD_ID,5555123663,TRADE_NAME_RECORD_ID,FIDELITY SAVINGS,TRADE_NAME
ALL_FDIC_201904,"1,324,857,412",PR_RECORD_ID,5555123672,TRADE_NAME_RECORD_ID,CAPITAL ONE BANK,TRADE_NAME
ALL_FDIC_201904,"1,324,858,029",PR_RECORD_ID,5555123676,TRADE_NAME_RECORD_ID,EVERBANK,TRADE_NAME
ALL_FDIC_201904,"1,324,858,059",PR_RECORD_ID,5555123677,TRADE_NAME_RECORD_ID,"COMMERCE BANK OF WYOMING, A BRANCH OF NEBRASKALAND NATIONAL BANK",TRADE_NAME
ALL_FDIC_201904,"1,324,858,787",PR_RECORD_ID,5555123687,TRADE_NAME_RECORD_ID,CITIZENS BANK,TRADE_NAME
ALL_FDIC_201904,"1,324,859,405",PR_RECORD_ID,5555123696,TRADE_NAME_RECORD_ID,FIRST COMMERCE BANK,TRADE_NAME
ALL_FDIC_201904,"1,324,859,860",PR_RECORD_ID,5555123701,TRADE_NAME_RECORD_ID,"NANTUCKET BANK, A DIVISION OF BLUE HILLS BANK",TRADE_NAME
ALL_FDIC_201904,"1,324,832,648",PR_RECORD_ID,5555123458,TRADE_NAME_RECORD_ID,FARMERS ON RESERVE,TRADE_NAME
ALL_FDIC_201904,"1,324,833,454",PR_RECORD_ID,5555123466,TRADE_NAME_RECORD_ID,PREMIER BANK TEXAS,TRADE_NAME
ALL_FDIC_201904,"1,324,833,725",PR_RECORD_ID,5555123471,TRADE_NAME_RECORD_ID,F&M BANK,TRADE_NAME
ALL_FDIC_201904,"1,324,833,883",PR_RECORD_ID,5555123474,TRADE_NAME_RECORD_ID,CORTLAND BANK,TRADE_NAME
ALL_FDIC_201904,"1,324,834,670",PR_RECORD_ID,5555123489,TRADE_NAME_RECORD_ID,FIRST NATIONAL BANK OF MURRAYVILLE,TRADE_NAME
ALL_FDIC_201904,"1,324,835,189",PR_RECORD_ID,5555123501,TRADE_NAME_RECORD_ID,CAPITAL ONE BANK,TRADE_NAME
ALL_FDIC_201904,"1,324,835,542",PR_RECORD_ID,5555123505,TRADE_NAME_RECORD_ID,SMITH COUNTY BANK,TRADE_NAME
ALL_FDIC_201904,"1,324,835,551",PR_RECORD_ID,5555123506,TRADE_NAME_RECORD_ID,"FIRST NATIONAL 1870, A DIVISION OF SUNFLOWER BANK, N.A.",TRADE_NAME
ALL_FDIC_201904,"1,324,836,061",PR_RECORD_ID,5555123510,TRADE_NAME_RECORD_ID,FIRST NATIONAL BANK,TRADE_NAME
ALL_FDIC_201904,"1,324,837,101",PR_RECORD_ID,5555123518,TRADE_NAME_RECORD_ID,KINDERHOOK BANK,TRADE_NAME
ALL_FDIC_201904,"1,324,837,786",PR_RECORD_ID,5555123526,TRADE_NAME_RECORD_ID,LANDMANDS BANK,TRADE_NAME
ALL_FDIC_201904,"1,324,839,441",PR_RECORD_ID,5555123545,TRADE_NAME_RECORD_ID,FIRST CITIZENS BANK,TRADE_NAME
ALL_FDIC_201904,"1,324,839,572",PR_RECORD_ID,5555123546,TRADE_NAME_RECORD_ID,CITIZENS BANK OF LAURENS COUNTY,TRADE_NAME
ALL_FDIC_201904,"1,324,839,849",PR_RECORD_ID,5555123550,TRADE_NAME_RECORD_ID,SIGEL COMMUNITY BANK,TRADE_NAME
ALL_FDIC_201904,"1,324,839,945",PR_RECORD_ID,5555123551,TRADE_NAME_RECORD_ID,FIDELITY BANK,TRADE_NAME
ALL_FDIC_201904,"1,324,840,098",PR_RECORD_ID,5555123552,TRADE_NAME_RECORD_ID,MBT,TRADE_NAME
ALL_FDIC_201904,"1,324,840,818",PR_RECORD_ID,5555123560,TRADE_NAME_RECORD_ID,WADENA STATE BANK,TRADE_NAME
ALL_FDIC_201904,"1,324,841,360",PR_RECORD_ID,5555123564,TRADE_NAME_RECORD_ID,FIRST NATIONAL BANK BOWLER,TRADE_NAME
ALL_FDIC_201904,"1,324,843,981",PR_RECORD_ID,5555123592,TRADE_NAME_RECORD_ID,HOME STATE BANK,TRADE_NAME
ALL_FDIC_201904,"1,324,844,125",PR_RECORD_ID,5555123595,TRADE_NAME_RECORD_ID,WSFS BANK,TRADE_NAME
ALL_FDIC_201904,"1,324,848,967",PR_RECORD_ID,5555123622,TRADE_NAME_RECORD_ID,BANK OF ALPINE,TRADE_NAME
ALL_FDIC_201904,"1,324,850,391",PR_RECORD_ID,5555123632,TRADE_NAME_RECORD_ID,THE COOPERATIVE BANK OF CAPE COD,TRADE_NAME
ALL_FDIC_201904,"1,324,850,415",PR_RECORD_ID,5555123634,TRADE_NAME_RECORD_ID,DBA FIRST NATIONAL BANK OF WICHITA FALLS,TRADE_NAME
ALL_FDIC_201904,"1,324,850,431",PR_RECORD_ID,5555123635,TRADE_NAME_RECORD_ID,STONEHAMBANK,TRADE_NAME
ALL_FDIC_201904,"1,324,853,104",PR_RECORD_ID,5555123653,TRADE_NAME_RECORD_ID,GN BANK,TRADE_NAME
ALL_FDIC_201904,"1,324,853,633",PR_RECORD_ID,5555123657,TRADE_NAME_RECORD_ID,CENTRAL KENTUCKY FEDERAL SAVINGS BANK-A DIVISION OF FIRST FEDERAL SAVINGS BANK OF KENTUCKY,TRADE_NAME
ALL_FDIC_201904,"1,324,854,456",PR_RECORD_ID,5555123660,TRADE_NAME_RECORD_ID,VALLEY BANK OF HELENA,TRADE_NAME
ALL_FDIC_201904,"1,324,855,835",PR_RECORD_ID,5555123665,TRADE_NAME_RECORD_ID,ANNAPOLIS FINANCIAL CENTER,TRADE_NAME
ALL_FDIC_201904,"1,324,856,252",PR_RECORD_ID,5555123668,TRADE_NAME_RECORD_ID,NATIONAL COOPERATIVE BANK,TRADE_NAME
ALL_FDIC_201904,"1,324,858,760",PR_RECORD_ID,5555123686,TRADE_NAME_RECORD_ID,COMMUNITY BANK AND TRUST,TRADE_NAME
ALL_FDIC_201904,"1,324,859,374",PR_RECORD_ID,5555123694,TRADE_NAME_RECORD_ID,TB&T,TRADE_NAME
ALL_FDIC_201904,"1,324,859,797",PR_RECORD_ID,5555123700,TRADE_NAME_RECORD_ID,ONE WEST BANK,TRADE_NAME
ALL_FDIC_201904,"1,324,832,445",PR_RECORD_ID,5555123456,TRADE_NAME_RECORD_ID,BANK OF BRINKLEY,TRADE_NAME
ALL_FDIC_201904,"1,324,832,934",PR_RECORD_ID,5555123461,TRADE_NAME_RECORD_ID,MAGNOLIA STATE BANK,TRADE_NAME
ALL_FDIC_201904,"1,324,834,782",PR_RECORD_ID,5555123490,TRADE_NAME_RECORD_ID,HARDWARE BRANCH,TRADE_NAME
ALL_FDIC_201904,"1,324,835,242",PR_RECORD_ID,5555123502,TRADE_NAME_RECORD_ID,"FIRST MERCHANTS PRIVATE WEALTH ADVISORS, A DIVISION OF FIRST MERCHANTS",TRADE_NAME
ALL_FDIC_201904,"1,324,835,490",PR_RECORD_ID,5555123503,TRADE_NAME_RECORD_ID,BANK OF MOLINE,TRADE_NAME
ALL_FDIC_201904,"1,324,837,898",PR_RECORD_ID,5555123529,TRADE_NAME_RECORD_ID,BLUFF VIEW BANK - TREMPEALEAU BRANCH,TRADE_NAME
ALL_FDIC_201904,"1,324,838,009",PR_RECORD_ID,5555123531,TRADE_NAME_RECORD_ID,NORTH SHORE BANK,TRADE_NAME
ALL_FDIC_201904,"1,324,838,176",PR_RECORD_ID,5555123532,TRADE_NAME_RECORD_ID,THE HARVARD STATE BANK HEBRON BRANCH,TRADE_NAME
ALL_FDIC_201904,"1,324,839,098",PR_RECORD_ID,5555123542,TRADE_NAME_RECORD_ID,ALPHA M HUTCHINSON BANKING CENTER,TRADE_NAME
ALL_FDIC_201904,"1,324,839,188",PR_RECORD_ID,5555123543,TRADE_NAME_RECORD_ID,DUNDEE BANK,TRADE_NAME
ALL_FDIC_201904,"1,324,840,231",PR_RECORD_ID,5555123554,TRADE_NAME_RECORD_ID,COLORADO MOUNTAIN BANK A BRANCH OF FIRST STATE BANK OF COLORADO,TRADE_NAME
ALL_FDIC_201904,"1,324,840,360",PR_RECORD_ID,5555123555,TRADE_NAME_RECORD_ID,PB&T BANK,TRADE_NAME
ALL_FDIC_201904,"1,324,841,564",PR_RECORD_ID,5555123567,TRADE_NAME_RECORD_ID,FARMERS & MERCHANTS BRANCH OF FIRST NATIONAL BANK,TRADE_NAME
ALL_FDIC_201904,"1,324,841,920",PR_RECORD_ID,5555123569,TRADE_NAME_RECORD_ID,CRESCO BANK & TRUST COMPANY A DIVISION OF DECORAH BANK & TRUST COMPANY,TRADE_NAME
ALL_FDIC_201904,"1,324,842,306",PR_RECORD_ID,5555123572,TRADE_NAME_RECORD_ID,BANK OF TIPTON,TRADE_NAME
ALL_FDIC_201904,"1,324,842,939",PR_RECORD_ID,5555123580,TRADE_NAME_RECORD_ID,SHEPPARD BANK,TRADE_NAME
ALL_FDIC_201904,"1,324,844,426",PR_RECORD_ID,5555123598,TRADE_NAME_RECORD_ID,REDWATER VALLEY BANK,TRADE_NAME
ALL_FDIC_201904,"1,324,844,723",PR_RECORD_ID,5555123600,TRADE_NAME_RECORD_ID,PEOPLES PROSPERITY BANK,TRADE_NAME
ALL_FDIC_201904,"1,324,847,038",PR_RECORD_ID,5555123607,TRADE_NAME_RECORD_ID,MY EBANC,TRADE_NAME
ALL_FDIC_201904,"1,324,847,911",PR_RECORD_ID,5555123610,TRADE_NAME_RECORD_ID,BARBERS HILL BANKING CENTER,TRADE_NAME
ALL_FDIC_201904,"1,324,848,770",PR_RECORD_ID,5555123617,TRADE_NAME_RECORD_ID,AMERICAN NATIONAL BANK,TRADE_NAME
ALL_FDIC_201904,"1,324,848,854",PR_RECORD_ID,5555123620,TRADE_NAME_RECORD_ID,THE WASHINGTON TRUST COMPANY,TRADE_NAME
ALL_FDIC_201904,"1,324,850,217",PR_RECORD_ID,5555123628,TRADE_NAME_RECORD_ID,FLINT HILLS BANK D/B/A BANK OF OSAGE CITY,TRADE_NAME
ALL_FDIC_201904,"1,324,851,062",PR_RECORD_ID,5555123638,TRADE_NAME_RECORD_ID,DEAN BANK,TRADE_NAME
ALL_FDIC_201904,"1,324,851,474",PR_RECORD_ID,5555123639,TRADE_NAME_RECORD_ID,QUIVIRA FEDERAL BANK,TRADE_NAME
ALL_FDIC_201904,"1,324,851,491",PR_RECORD_ID,5555123640,TRADE_NAME_RECORD_ID,MUTUALWEALTH,TRADE_NAME
ALL_FDIC_201904,"1,324,852,420",PR_RECORD_ID,5555123647,TRADE_NAME_RECORD_ID,"BALLY SAVINGS BANK, A DIVISION OF AMBLER SAVINGS BANK",TRADE_NAME
ALL_FDIC_201904,"1,324,852,768",PR_RECORD_ID,5555123652,TRADE_NAME_RECORD_ID,HOME BUILDING SAVINGS BANK,TRADE_NAME
ALL_FDIC_201904,"1,324,853,333",PR_RECORD_ID,5555123655,TRADE_NAME_RECORD_ID,WINDSOR FEDERAL SAVINGS,TRADE_NAME
ALL_FDIC_201904,"1,324,853,808",PR_RECORD_ID,5555123658,TRADE_NAME_RECORD_ID,RELIANCE BANK,TRADE_NAME
ALL_FDIC_201904,"1,324,857,495",PR_RECORD_ID,5555123673,TRADE_NAME_RECORD_ID,ST. SIMONS BANK & TRUST,TRADE_NAME
ALL_FDIC_201904,"1,324,857,616",PR_RECORD_ID,5555123674,TRADE_NAME_RECORD_ID,PLATTE VALLEY COMPANIES,TRADE_NAME
ALL_FDIC_201904,"1,324,857,950",PR_RECORD_ID,5555123675,TRADE_NAME_RECORD_ID,AFNB,TRADE_NAME
ALL_FDIC_201904,"1,324,858,181",PR_RECORD_ID,5555123680,TRADE_NAME_RECORD_ID,PEOPLES BANK,TRADE_NAME
ALL_FDIC_201904,"1,324,858,909",PR_RECORD_ID,5555123689,TRADE_NAME_RECORD_ID,ALLIANCE BANK OF ARIZONA,TRADE_NAME
ALL_FDIC_201904,"1,324,859,233",PR_RECORD_ID,5555123692,TRADE_NAME_RECORD_ID,TRADITION,TRADE_NAME
ALL_FDIC_201904,"1,324,859,395",PR_RECORD_ID,5555123695,TRADE_NAME_RECORD_ID,COMMERCE BANK,TRADE_NAME
ALL_FDIC_201904,"1,324,833,253",PR_RECORD_ID,5555123705,TRADE_NAME_RECORD_ID,F&M CAPITAL,TRADE_NAME
ALL_FDIC_201904,"1,324,834,661",PR_RECORD_ID,5555123716,TRADE_NAME_RECORD_ID,ARTHUR COMMUNITY BANK,TRADE_NAME
ALL_FDIC_201904,"1,324,834,670",PR_RECORD_ID,5555123717,TRADE_NAME_RECORD_ID,FIRST NATIONAL BANK OF WINCHESTER,TRADE_NAME
ALL_FDIC_201904,"1,324,835,140",PR_RECORD_ID,5555123724,TRADE_NAME_RECORD_ID,FIRST NATIONAL BANK OF CLEORA,TRADE_NAME
ALL_FDIC_201904,"1,324,837,427",PR_RECORD_ID,5555123736,TRADE_NAME_RECORD_ID,FIRST NATIONAL BANK,TRADE_NAME
ALL_FDIC_201904,"1,324,838,764",PR_RECORD_ID,5555123742,TRADE_NAME_RECORD_ID,HANCOCK COMMUNITY BANK,TRADE_NAME
ALL_FDIC_201904,"1,324,839,098",PR_RECORD_ID,5555123745,TRADE_NAME_RECORD_ID,FARMERS BANKING CENTER,TRADE_NAME
ALL_FDIC_201904,"1,324,839,572",PR_RECORD_ID,5555123748,TRADE_NAME_RECORD_ID,BULLOCH FIRST,TRADE_NAME
ALL_FDIC_201904,"1,324,840,818",PR_RECORD_ID,5555123754,TRADE_NAME_RECORD_ID,WADENA STATE BANK BLUFFTON,TRADE_NAME
ALL_FDIC_201904,"1,324,848,299",PR_RECORD_ID,5555123775,TRADE_NAME_RECORD_ID,COMMUNITY BANK OF HARRISONVILLE,TRADE_NAME
ALL_FDIC_201904,"1,324,853,333",PR_RECORD_ID,5555123788,TRADE_NAME_RECORD_ID,WFS MORTGAGE COMPANY,TRADE_NAME
ALL_FDIC_201904,"1,324,853,397",PR_RECORD_ID,5555123789,TRADE_NAME_RECORD_ID,BANK OF GILLETTE,TRADE_NAME
ALL_FDIC_201904,"1,324,858,108",PR_RECORD_ID,5555123795,TRADE_NAME_RECORD_ID,WESTPORT NATIONAL BANK,TRADE_NAME
ALL_FDIC_201904,"1,324,833,552",PR_RECORD_ID,5555123707,TRADE_NAME_RECORD_ID,CITIZENS STATE BANK OF SILVERTON,TRADE_NAME
ALL_FDIC_201904,"1,324,833,849",PR_RECORD_ID,5555123708,TRADE_NAME_RECORD_ID,"BANK OF HARLEM, BANK OF RED LODGE",TRADE_NAME
ALL_FDIC_201904,"1,324,834,447",PR_RECORD_ID,5555123712,TRADE_NAME_RECORD_ID,SECURITY STATE BANK,TRADE_NAME
ALL_FDIC_201904,"1,324,834,484",PR_RECORD_ID,5555123713,TRADE_NAME_RECORD_ID,THE BANK OF MADISONVILLE,TRADE_NAME
ALL_FDIC_201904,"1,324,834,827",PR_RECORD_ID,5555123719,TRADE_NAME_RECORD_ID,TRI-COUNTY BANKING CENTER,TRADE_NAME
ALL_FDIC_201904,"1,324,836,826",PR_RECORD_ID,5555123733,TRADE_NAME_RECORD_ID,FAIRFIELD NATIONAL BANK/PARK NATIONAL BANK SW OHIO AND NORTHERN KY,TRADE_NAME
ALL_FDIC_201904,"1,324,837,446",PR_RECORD_ID,5555123737,TRADE_NAME_RECORD_ID,"BNY MELLON, N.A.",TRADE_NAME
ALL_FDIC_201904,"1,324,839,017",PR_RECORD_ID,5555123744,TRADE_NAME_RECORD_ID,STATE BANK ONALASKA,TRADE_NAME
ALL_FDIC_201904,"1,324,839,441",PR_RECORD_ID,5555123747,TRADE_NAME_RECORD_ID,"SECURANT BANK & TRUST, A DIVISION OF FIRST-CITIZENS BANK & TRUST COMPANY",TRADE_NAME
ALL_FDIC_201904,"1,324,840,231",PR_RECORD_ID,5555123750,TRADE_NAME_RECORD_ID,CRAWFORD COUNTRY BANK A BRANCH OF FIRST STATE BANK OF COLORADO,TRADE_NAME
ALL_FDIC_201904,"1,324,840,774",PR_RECORD_ID,5555123753,TRADE_NAME_RECORD_ID,SCOTT BANKING CENTER,TRADE_NAME
ALL_FDIC_201904,"1,324,843,514",PR_RECORD_ID,5555123764,TRADE_NAME_RECORD_ID,MILAN STATE BANK,TRADE_NAME
ALL_FDIC_201904,"1,324,847,967",PR_RECORD_ID,5555123772,TRADE_NAME_RECORD_ID,BRUSH STATE BANK,TRADE_NAME
ALL_FDIC_201904,"1,324,850,415",PR_RECORD_ID,5555123783,TRADE_NAME_RECORD_ID,DBA FIRST NATIONAL BANK SOUTHLAKE,TRADE_NAME
ALL_FDIC_201904,"1,324,852,253",PR_RECORD_ID,5555123787,TRADE_NAME_RECORD_ID,FIRST BANK CENTERVILLE,TRADE_NAME
ALL_FDIC_201904,"1,324,857,616",PR_RECORD_ID,5555123794,TRADE_NAME_RECORD_ID,"THE AMERICAN BANK OF SIDNEY, NEBRASKA",TRADE_NAME
ALL_FDIC_201904,"1,324,859,169",PR_RECORD_ID,5555123800,TRADE_NAME_RECORD_ID,CITIZENS ACCESS,TRADE_NAME
ALL_FDIC_201904,"1,324,833,447",PR_RECORD_ID,5555123706,TRADE_NAME_RECORD_ID,"BANK OF DOWNING, A DIVISION OF BANK OF KIRKSVILLE",TRADE_NAME
ALL_FDIC_201904,"1,324,834,521",PR_RECORD_ID,5555123714,TRADE_NAME_RECORD_ID,1ST PRESIDIO BANK,TRADE_NAME
ALL_FDIC_201904,"1,324,834,786",PR_RECORD_ID,5555123718,TRADE_NAME_RECORD_ID,HOPEDALE COMMUNITY BANKING CENTER,TRADE_NAME
ALL_FDIC_201904,"1,324,835,150",PR_RECORD_ID,5555123725,TRADE_NAME_RECORD_ID,YNB EAST,TRADE_NAME
ALL_FDIC_201904,"1,324,835,551",PR_RECORD_ID,5555123729,TRADE_NAME_RECORD_ID,"GUARDIAN MORTGAGE, A DIVISION OF SUNFLOWER BANK, N.A.",TRADE_NAME
ALL_FDIC_201904,"1,324,836,061",PR_RECORD_ID,5555123730,TRADE_NAME_RECORD_ID,FIRST NATIONAL BANK IOWA,TRADE_NAME
ALL_FDIC_201904,"1,324,836,381",PR_RECORD_ID,5555123732,TRADE_NAME_RECORD_ID,TAYLOR BANK,TRADE_NAME
ALL_FDIC_201904,"1,324,837,294",PR_RECORD_ID,5555123734,TRADE_NAME_RECORD_ID,"MARYSVILLE BANK, AN OPERATING DIVISION OF RIVERVIEW BANK",TRADE_NAME
ALL_FDIC_201904,"1,324,844,034",PR_RECORD_ID,5555123765,TRADE_NAME_RECORD_ID,SECURITY STATE BANK,TRADE_NAME
ALL_FDIC_201904,"1,324,844,836",PR_RECORD_ID,5555123769,TRADE_NAME_RECORD_ID,BANK OF GOWER,TRADE_NAME
ALL_FDIC_201904,"1,324,847,252",PR_RECORD_ID,5555123770,TRADE_NAME_RECORD_ID,MOUNTAIN COMMUNITY BANK,TRADE_NAME
ALL_FDIC_201904,"1,324,847,911",PR_RECORD_ID,5555123771,TRADE_NAME_RECORD_ID,EAST CHAMBERS COUNTY BANK,TRADE_NAME
ALL_FDIC_201904,"1,324,848,854",PR_RECORD_ID,5555123777,TRADE_NAME_RECORD_ID,WASHINGTON TRUST,TRADE_NAME
ALL_FDIC_201904,"1,324,858,274",PR_RECORD_ID,5555123797,TRADE_NAME_RECORD_ID,TOWNEBANK OF RICHMOND,TRADE_NAME
ALL_FDIC_201904,"1,324,832,776",PR_RECORD_ID,5555123703,TRADE_NAME_RECORD_ID,M&T BANK,TRADE_NAME
ALL_FDIC_201904,"1,324,832,793",PR_RECORD_ID,5555123704,TRADE_NAME_RECORD_ID,J.P.MORGAN,TRADE_NAME
ALL_FDIC_201904,"1,324,837,898",PR_RECORD_ID,5555123739,TRADE_NAME_RECORD_ID,BLUFF VIEW BANK - HOLMEN BRANCH,TRADE_NAME
ALL_FDIC_201904,"1,324,840,451",PR_RECORD_ID,5555123751,TRADE_NAME_RECORD_ID,LEWISTON STATE BANK,TRADE_NAME
ALL_FDIC_201904,"1,324,841,463",PR_RECORD_ID,5555123755,TRADE_NAME_RECORD_ID,INGRAHAM BANKING CENTER,TRADE_NAME
ALL_FDIC_201904,"1,324,842,607",PR_RECORD_ID,5555123758,TRADE_NAME_RECORD_ID,ROSLYN SAVINGS BANK,TRADE_NAME
ALL_FDIC_201904,"1,324,842,843",PR_RECORD_ID,5555123759,TRADE_NAME_RECORD_ID,MBTBANK,TRADE_NAME
ALL_FDIC_201904,"1,324,854,456",PR_RECORD_ID,5555123790,TRADE_NAME_RECORD_ID,FIRST SECURITY BANK OF MISSOULA,TRADE_NAME
ALL_FDIC_201904,"1,324,858,742",PR_RECORD_ID,5555123798,TRADE_NAME_RECORD_ID,BARCLAYCARD US,TRADE_NAME
ALL_FDIC_201904,"1,324,837,301",PR_RECORD_ID,5555123735,TRADE_NAME_RECORD_ID,JVB JUNIATA VALLEY,TRADE_NAME
ALL_FDIC_201904,"1,324,842,293",PR_RECORD_ID,5555123756,TRADE_NAME_RECORD_ID,DONIE BANK (A DIVISION OF ALLIANCE BANK CENTRAL TEXAS),TRADE_NAME
ALL_FDIC_201904,"1,324,842,370",PR_RECORD_ID,5555123757,TRADE_NAME_RECORD_ID,FIRST NATIONAL BANK OF ARTHUR,TRADE_NAME
ALL_FDIC_201904,"1,324,848,154",PR_RECORD_ID,5555123773,TRADE_NAME_RECORD_ID,ARIZONA BUSINESS BANK,TRADE_NAME
ALL_FDIC_201904,"1,324,850,217",PR_RECORD_ID,5555123782,TRADE_NAME_RECORD_ID,FLINT HILLS BANK D/B/A HARTFORD STATE BANK,TRADE_NAME
ALL_FDIC_201904,"1,324,859,233",PR_RECORD_ID,5555123801,TRADE_NAME_RECORD_ID,TRADITION BANK,TRADE_NAME
ALL_FDIC_201904,"1,324,859,595",PR_RECORD_ID,5555123803,TRADE_NAME_RECORD_ID,BANKPURELY.COM,TRADE_NAME
ALL_FDIC_201904,"1,324,834,204",PR_RECORD_ID,5555123710,TRADE_NAME_RECORD_ID,FIRST NATIONAL BANK,TRADE_NAME
ALL_FDIC_201904,"1,324,834,425",PR_RECORD_ID,5555123711,TRADE_NAME_RECORD_ID,FIRST NATIONAL BANK - OGLESBY,TRADE_NAME
ALL_FDIC_201904,"1,324,834,611",PR_RECORD_ID,5555123715,TRADE_NAME_RECORD_ID,BANK OF AMERICA MERRILL LYNCH,TRADE_NAME
ALL_FDIC_201904,"1,324,835,102",PR_RECORD_ID,5555123722,TRADE_NAME_RECORD_ID,THE ELMORE CITY BANK,TRADE_NAME
ALL_FDIC_201904,"1,324,835,180",PR_RECORD_ID,5555123726,TRADE_NAME_RECORD_ID,FIRST NATIONAL BANK OF LAKE CHARLES,TRADE_NAME
ALL_FDIC_201904,"1,324,836,127",PR_RECORD_ID,5555123731,TRADE_NAME_RECORD_ID,FLATONIA NATIONAL BANK,TRADE_NAME
ALL_FDIC_201904,"1,324,837,676",PR_RECORD_ID,5555123738,TRADE_NAME_RECORD_ID,"FIRST HOME BANK, A DIVISION OF STOCKMENS BANK",TRADE_NAME
ALL_FDIC_201904,"1,324,838,176",PR_RECORD_ID,5555123740,TRADE_NAME_RECORD_ID,THE HARVARD STATE BANK OREGON BRANCH,TRADE_NAME
ALL_FDIC_201904,"1,324,838,690",PR_RECORD_ID,5555123741,TRADE_NAME_RECORD_ID,"SCOTTDALE BANK & TRUST, A DIVISION OF MID PENN BANK",TRADE_NAME
ALL_FDIC_201904,"1,324,839,590",PR_RECORD_ID,5555123749,TRADE_NAME_RECORD_ID,SALEM BANKING CENTER,TRADE_NAME
ALL_FDIC_201904,"1,324,844,674",PR_RECORD_ID,5555123768,TRADE_NAME_RECORD_ID,MCB DOWNTOWN,TRADE_NAME
ALL_FDIC_201904,"1,324,850,027",PR_RECORD_ID,5555123781,TRADE_NAME_RECORD_ID,"MIDSOUTH BANK, N.A.",TRADE_NAME
ALL_FDIC_201904,"1,324,851,474",PR_RECORD_ID,5555123785,TRADE_NAME_RECORD_ID,FIRST FEDERAL BANK OF WAKEENEY,TRADE_NAME
ALL_FDIC_201904,"1,324,854,485",PR_RECORD_ID,5555123791,TRADE_NAME_RECORD_ID,FLORA SAVINGS BANK,TRADE_NAME
ALL_FDIC_201904,"1,324,855,651",PR_RECORD_ID,5555123792,TRADE_NAME_RECORD_ID,WAYNE COUNTY BANK,TRADE_NAME
ALL_FDIC_201904,"1,324,858,909",PR_RECORD_ID,5555123799,TRADE_NAME_RECORD_ID,BANK OF NEVADA,TRADE_NAME
ALL_FDIC_201904,"1,324,859,579",PR_RECORD_ID,5555123802,TRADE_NAME_RECORD_ID,BANK OF COOPERSTOWN,TRADE_NAME
ALL_FDIC_201904,"1,324,859,797",PR_RECORD_ID,5555123804,TRADE_NAME_RECORD_ID,"""ONE WEST BANK, A DIVISION OF CIT BANK, N.A. """,TRADE_NAME
ALL_FDIC_201904,"1,324,834,890",PR_RECORD_ID,5555123720,TRADE_NAME_RECORD_ID,"NATIONAL BANK OF SALLISAW""A DIVISION OF FIRST NATIONAL BANK OF FORT SMITH""",TRADE_NAME
ALL_FDIC_201904,"1,324,835,009",PR_RECORD_ID,5555123721,TRADE_NAME_RECORD_ID,MIDFIRST DIRECT,TRADE_NAME
ALL_FDIC_201904,"1,324,835,137",PR_RECORD_ID,5555123723,TRADE_NAME_RECORD_ID,BANK OF ARKANSAS,TRADE_NAME
ALL_FDIC_201904,"1,324,835,490",PR_RECORD_ID,5555123727,TRADE_NAME_RECORD_ID,BANK OF SEDAN,TRADE_NAME
ALL_FDIC_201904,"1,324,838,965",PR_RECORD_ID,5555123743,TRADE_NAME_RECORD_ID,THE BANK OF MCNAIRY COUNTY,TRADE_NAME
ALL_FDIC_201904,"1,324,839,188",PR_RECORD_ID,5555123746,TRADE_NAME_RECORD_ID,DUNDEE MORTGAGE,TRADE_NAME
ALL_FDIC_201904,"1,324,840,490",PR_RECORD_ID,5555123752,TRADE_NAME_RECORD_ID,PINES BANK,TRADE_NAME
ALL_FDIC_201904,"1,324,842,876",PR_RECORD_ID,5555123760,TRADE_NAME_RECORD_ID,MT. CARROLL BANKING CENTER MT. CARROLL IL 61053,TRADE_NAME
ALL_FDIC_201904,"1,324,842,936",PR_RECORD_ID,5555123761,TRADE_NAME_RECORD_ID,DALLAS BANKING CENTER,TRADE_NAME
ALL_FDIC_201904,"1,324,843,066",PR_RECORD_ID,5555123762,TRADE_NAME_RECORD_ID,BMO HARRIS,TRADE_NAME
ALL_FDIC_201904,"1,324,843,485",PR_RECORD_ID,5555123763,TRADE_NAME_RECORD_ID,BANK OF PERRY - A DIVISION OF PERSONS BANKING COMPANY,TRADE_NAME
ALL_FDIC_201904,"1,324,844,066",PR_RECORD_ID,5555123766,TRADE_NAME_RECORD_ID,THE FARMERS STATE BANK OF JETMORE,TRADE_NAME
ALL_FDIC_201904,"1,324,848,770",PR_RECORD_ID,5555123776,TRADE_NAME_RECORD_ID,ANBTX,TRADE_NAME
ALL_FDIC_201904,"1,324,849,726",PR_RECORD_ID,5555123780,TRADE_NAME_RECORD_ID,BANK OF AMERICA MERRILL LYNCH,TRADE_NAME
ALL_FDIC_201904,"1,324,850,593",PR_RECORD_ID,5555123784,TRADE_NAME_RECORD_ID,"FIRST STATE BANK OF RANKIN, A BRANCH OF TEXAS FINANCIAL BANK",TRADE_NAME
ALL_FDIC_201904,"1,324,833,880",PR_RECORD_ID,5555123709,TRADE_NAME_RECORD_ID,CALIFORNIA BANK AND TRUST,TRADE_NAME
ALL_FDIC_201904,"1,324,835,542",PR_RECORD_ID,5555123728,TRADE_NAME_RECORD_ID,SOLOMON VALLEY BANK,TRADE_NAME
ALL_FDIC_201904,"1,324,844,302",PR_RECORD_ID,5555123767,TRADE_NAME_RECORD_ID,PIERMONT BANKING CENTER,TRADE_NAME
ALL_FDIC_201904,"1,324,848,264",PR_RECORD_ID,5555123774,TRADE_NAME_RECORD_ID,PUREPOINT,TRADE_NAME
ALL_FDIC_201904,"1,324,848,857",PR_RECORD_ID,5555123778,TRADE_NAME_RECORD_ID,MEMORYBANK,TRADE_NAME
ALL_FDIC_201904,"1,324,848,967",PR_RECORD_ID,5555123779,TRADE_NAME_RECORD_ID,BANK OF SUBLETTE COUNTY,TRADE_NAME
ALL_FDIC_201904,"1,324,851,491",PR_RECORD_ID,5555123786,TRADE_NAME_RECORD_ID,MUTUALFINANCIAL,TRADE_NAME
ALL_FDIC_201904,"1,324,855,835",PR_RECORD_ID,5555123793,TRADE_NAME_RECORD_ID,COLORADO SPRINGS FINANCIAL CENTER,TRADE_NAME
ALL_FDIC_201904,"1,324,858,255",PR_RECORD_ID,5555123796,TRADE_NAME_RECORD_ID,INLAND VALLEY BANK,TRADE_NAME
ALL_FDIC_201904,"1,324,833,849",PR_RECORD_ID,5555123809,TRADE_NAME_RECORD_ID,"BANK OF GREYBULL, BANK OF LOVELL",TRADE_NAME
ALL_FDIC_201904,"1,324,835,009",PR_RECORD_ID,5555123814,TRADE_NAME_RECORD_ID,STEELE STREET BANK & TRUST,TRADE_NAME
ALL_FDIC_201904,"1,324,835,150",PR_RECORD_ID,5555123817,TRADE_NAME_RECORD_ID,YNB PARKWAY,TRADE_NAME
ALL_FDIC_201904,"1,324,844,302",PR_RECORD_ID,5555123839,TRADE_NAME_RECORD_ID,LISBON BANKING CENTER,TRADE_NAME
ALL_FDIC_201904,"1,324,847,911",PR_RECORD_ID,5555123842,TRADE_NAME_RECORD_ID,HARDIN BANK,TRADE_NAME
ALL_FDIC_201904,"1,324,850,027",PR_RECORD_ID,5555123847,TRADE_NAME_RECORD_ID,MIDSOUTH BANK,TRADE_NAME
ALL_FDIC_201904,"1,324,832,793",PR_RECORD_ID,5555123805,TRADE_NAME_RECORD_ID,JPMORGAN CHASE,TRADE_NAME
ALL_FDIC_201904,"1,324,833,253",PR_RECORD_ID,5555123806,TRADE_NAME_RECORD_ID,F&M LEASING,TRADE_NAME
ALL_FDIC_201904,"1,324,833,447",PR_RECORD_ID,5555123807,TRADE_NAME_RECORD_ID,"BANK OF LAPLATA, A DIVISION OF BANK OF KIRKSVILLE",TRADE_NAME
ALL_FDIC_201904,"1,324,838,176",PR_RECORD_ID,5555123826,TRADE_NAME_RECORD_ID,THE HARVARD STATE BANK ROCKFORD BRANCH,TRADE_NAME
ALL_FDIC_201904,"1,324,840,231",PR_RECORD_ID,5555123831,TRADE_NAME_RECORD_ID,FIRST STATE BANK OF COLORADO DBA FIRST STATE BANK OF HOTCHKISS,TRADE_NAME
ALL_FDIC_201904,"1,324,844,674",PR_RECORD_ID,5555123840,TRADE_NAME_RECORD_ID,BARTONVILLE COMMUNITY BANK,TRADE_NAME
ALL_FDIC_201904,"1,324,858,108",PR_RECORD_ID,5555123854,TRADE_NAME_RECORD_ID,DARIEN BANK AND TRUST,TRADE_NAME
ALL_FDIC_201904,"1,324,833,880",PR_RECORD_ID,5555123810,TRADE_NAME_RECORD_ID,NATIONAL BANK OF ARIZONA,TRADE_NAME
ALL_FDIC_201904,"1,324,834,447",PR_RECORD_ID,5555123811,TRADE_NAME_RECORD_ID,TEXAS AMERICAN BANK,TRADE_NAME
ALL_FDIC_201904,"1,324,835,180",PR_RECORD_ID,5555123818,TRADE_NAME_RECORD_ID,FIRST NATIONAL BANK OF LAFAYETTE,TRADE_NAME
ALL_FDIC_201904,"1,324,836,061",PR_RECORD_ID,5555123820,TRADE_NAME_RECORD_ID,FIRST NATIONAL BANK SOUTHWEST,TRADE_NAME
ALL_FDIC_201904,"1,324,837,446",PR_RECORD_ID,5555123825,TRADE_NAME_RECORD_ID,BNY MELLON WEALTH MANAGEMENT,TRADE_NAME
ALL_FDIC_201904,"1,324,839,017",PR_RECORD_ID,5555123829,TRADE_NAME_RECORD_ID,STATE BANK SPARTA,TRADE_NAME
ALL_FDIC_201904,"1,324,839,441",PR_RECORD_ID,5555123830,TRADE_NAME_RECORD_ID,"PALMETTO HERITAGE BANK, A DIVISION OF FIRST-CITIZENS BANK & TRUST COMPANY",TRADE_NAME
ALL_FDIC_201904,"1,324,858,274",PR_RECORD_ID,5555123856,TRADE_NAME_RECORD_ID,"PARAGONBANK, A DIVISION OF TOWNEBANK",TRADE_NAME
ALL_FDIC_201904,"1,324,858,909",PR_RECORD_ID,5555123857,TRADE_NAME_RECORD_ID,BRIDGE BANK,TRADE_NAME
ALL_FDIC_201904,"1,324,834,484",PR_RECORD_ID,5555123812,TRADE_NAME_RECORD_ID,ROBERTSON COUNTY BANK,TRADE_NAME
ALL_FDIC_201904,"1,324,834,611",PR_RECORD_ID,5555123813,TRADE_NAME_RECORD_ID,BOFA,TRADE_NAME
ALL_FDIC_201904,"1,324,835,137",PR_RECORD_ID,5555123815,TRADE_NAME_RECORD_ID,BANK OF ARIZONA,TRADE_NAME
ALL_FDIC_201904,"1,324,837,301",PR_RECORD_ID,5555123824,TRADE_NAME_RECORD_ID,JVB NORTHERN TIER,TRADE_NAME
ALL_FDIC_201904,"1,324,844,066",PR_RECORD_ID,5555123838,TRADE_NAME_RECORD_ID,BANK OF LEWIS,TRADE_NAME
ALL_FDIC_201904,"1,324,848,770",PR_RECORD_ID,5555123845,TRADE_NAME_RECORD_ID,AMERICAN NATIONAL BANK OF TEXAS,TRADE_NAME
ALL_FDIC_201904,"1,324,850,217",PR_RECORD_ID,5555123848,TRADE_NAME_RECORD_ID,FLINT HILLS BANK D/B/A BANK OF BURLINGAME,TRADE_NAME
ALL_FDIC_201904,"1,324,835,140",PR_RECORD_ID,5555123816,TRADE_NAME_RECORD_ID,FIRST NATIONAL BANK OF VINITA,TRADE_NAME
ALL_FDIC_201904,"1,324,840,818",PR_RECORD_ID,5555123833,TRADE_NAME_RECORD_ID,WADENA STATE BANK DEER CREEK,TRADE_NAME
ALL_FDIC_201904,"1,324,842,607",PR_RECORD_ID,5555123835,TRADE_NAME_RECORD_ID,RICHMOND COUNTY SAVINGS BANK,TRADE_NAME
ALL_FDIC_201904,"1,324,842,843",PR_RECORD_ID,5555123836,TRADE_NAME_RECORD_ID,MBT MOBILE,TRADE_NAME
ALL_FDIC_201904,"1,324,848,264",PR_RECORD_ID,5555123844,TRADE_NAME_RECORD_ID,PUREPOINT FINANCIAL,TRADE_NAME
ALL_FDIC_201904,"1,324,850,593",PR_RECORD_ID,5555123849,TRADE_NAME_RECORD_ID,"TEXAS FINANCIAL BANK, DBA EDEN STATE BANK",TRADE_NAME
ALL_FDIC_201904,"1,324,853,397",PR_RECORD_ID,5555123851,TRADE_NAME_RECORD_ID,BANK OF SHERIDAN,TRADE_NAME
ALL_FDIC_201904,"1,324,835,490",PR_RECORD_ID,5555123819,TRADE_NAME_RECORD_ID,BANK OF CEDAR VALE,TRADE_NAME
ALL_FDIC_201904,"1,324,837,294",PR_RECORD_ID,5555123823,TRADE_NAME_RECORD_ID,"CITIZENS NEIGHBORHOOD BANK, AN OPERATING DIVISION OF RIVERVIEW BANK",TRADE_NAME
ALL_FDIC_201904,"1,324,842,370",PR_RECORD_ID,5555123834,TRADE_NAME_RECORD_ID,STONINGTON NATIONAL BANK,TRADE_NAME
ALL_FDIC_201904,"1,324,854,456",PR_RECORD_ID,5555123852,TRADE_NAME_RECORD_ID,FIRST SECURITY BANK BOZEMAN,TRADE_NAME
ALL_FDIC_201904,"1,324,833,552",PR_RECORD_ID,5555123808,TRADE_NAME_RECORD_ID,CITIZENS STATE BANK OF NATURITA,TRADE_NAME
ALL_FDIC_201904,"1,324,836,127",PR_RECORD_ID,5555123821,TRADE_NAME_RECORD_ID,GOLIAD NATIONAL BANK,TRADE_NAME
ALL_FDIC_201904,"1,324,840,451",PR_RECORD_ID,5555123832,TRADE_NAME_RECORD_ID,PEOPLE'S TOWN AND COUNTRY BANK,TRADE_NAME
ALL_FDIC_201904,"1,324,843,485",PR_RECORD_ID,5555123837,TRADE_NAME_RECORD_ID,SPIVEY STATE BANK - A DIVISION OF PERSONS BANKING COMPANY,TRADE_NAME
ALL_FDIC_201904,"1,324,848,154",PR_RECORD_ID,5555123843,TRADE_NAME_RECORD_ID,COBIZ PRIVATE BANK,TRADE_NAME
ALL_FDIC_201904,"1,324,836,826",PR_RECORD_ID,5555123822,TRADE_NAME_RECORD_ID,FIRST KNOX NATIONAL BANK/UNITY NATIONAL BANK,TRADE_NAME
ALL_FDIC_201904,"1,324,838,690",PR_RECORD_ID,5555123827,TRADE_NAME_RECORD_ID,"FIRST PRIORITY BANK, A DIVISION OF MID PENN BANK",TRADE_NAME
ALL_FDIC_201904,"1,324,838,965",PR_RECORD_ID,5555123828,TRADE_NAME_RECORD_ID,THE BANK OF MASON,TRADE_NAME
ALL_FDIC_201904,"1,324,844,836",PR_RECORD_ID,5555123841,TRADE_NAME_RECORD_ID,BANK OF MCLOUTH,TRADE_NAME
ALL_FDIC_201904,"1,324,849,726",PR_RECORD_ID,5555123846,TRADE_NAME_RECORD_ID,BOFA,TRADE_NAME
ALL_FDIC_201904,"1,324,852,253",PR_RECORD_ID,5555123850,TRADE_NAME_RECORD_ID,FIRST BANK CAMBRIDGE CITY,TRADE_NAME
ALL_FDIC_201904,"1,324,855,835",PR_RECORD_ID,5555123853,TRADE_NAME_RECORD_ID,WEST POINT FINANCIAL CENTER,TRADE_NAME
ALL_FDIC_201904,"1,324,858,255",PR_RECORD_ID,5555123855,TRADE_NAME_RECORD_ID,SOUTH COUNTY BANK,TRADE_NAME
ALL_FDIC_201904,"1,324,833,447",PR_RECORD_ID,5555123859,TRADE_NAME_RECORD_ID,"BANK OF MACON, A DIVISION OF BANK OF KIRKSVILLE",TRADE_NAME
ALL_FDIC_201904,"1,324,835,180",PR_RECORD_ID,5555123867,TRADE_NAME_RECORD_ID,FIRST NATIONAL BANK OF SULPHUR,TRADE_NAME
ALL_FDIC_201904,"1,324,844,302",PR_RECORD_ID,5555123877,TRADE_NAME_RECORD_ID,LITTLETON BANKING CENTER,TRADE_NAME
ALL_FDIC_201904,"1,324,838,965",PR_RECORD_ID,5555123872,TRADE_NAME_RECORD_ID,THE BANK OF COLLIERVILLE,TRADE_NAME
ALL_FDIC_201904,"1,324,847,911",PR_RECORD_ID,5555123880,TRADE_NAME_RECORD_ID,BARBERS HILL BANK - HEB,TRADE_NAME
ALL_FDIC_201904,"1,324,835,009",PR_RECORD_ID,5555123864,TRADE_NAME_RECORD_ID,1ST CENTURY BANK,TRADE_NAME
ALL_FDIC_201904,"1,324,835,137",PR_RECORD_ID,5555123865,TRADE_NAME_RECORD_ID,MOBANK,TRADE_NAME
ALL_FDIC_201904,"1,324,835,150",PR_RECORD_ID,5555123866,TRADE_NAME_RECORD_ID,YNB PEOPLES,TRADE_NAME
ALL_FDIC_201904,"1,324,840,231",PR_RECORD_ID,5555123874,TRADE_NAME_RECORD_ID,FIRST STATE BANK OF DELTA AN OFFICE OF FIRST STATE BANK OF COLORADO,TRADE_NAME
ALL_FDIC_201904,"1,324,844,674",PR_RECORD_ID,5555123878,TRADE_NAME_RECORD_ID,FAIRBURY-CROPSEY COMMUNITY BANK,TRADE_NAME
ALL_FDIC_201904,"1,324,858,108",PR_RECORD_ID,5555123884,TRADE_NAME_RECORD_ID,NORWALK BANK AND TRUST,TRADE_NAME
ALL_FDIC_201904,"1,324,836,826",PR_RECORD_ID,5555123870,TRADE_NAME_RECORD_ID,RICHLAND BANK/NEWDOMINION BANK,TRADE_NAME
ALL_FDIC_201904,"1,324,837,294",PR_RECORD_ID,5555123871,TRADE_NAME_RECORD_ID,"CBT BANK, AN OPERATING DIVISION OF RIVERVIEW BANK",TRADE_NAME
ALL_FDIC_201904,"1,324,842,607",PR_RECORD_ID,5555123875,TRADE_NAME_RECORD_ID,GARDEN STATE COMMUNITY BANK,TRADE_NAME
ALL_FDIC_201904,"1,324,844,836",PR_RECORD_ID,5555123879,TRADE_NAME_RECORD_ID,BANK OF OSKALOOSA,TRADE_NAME
ALL_FDIC_201904,"1,324,842,843",PR_RECORD_ID,5555123876,TRADE_NAME_RECORD_ID,MBT TOO,TRADE_NAME
ALL_FDIC_201904,"1,324,854,456",PR_RECORD_ID,5555123883,TRADE_NAME_RECORD_ID,WESTERN SECURITY BANK,TRADE_NAME
ALL_FDIC_201904,"1,324,833,849",PR_RECORD_ID,5555123860,TRADE_NAME_RECORD_ID,BANK OF POWELL,TRADE_NAME
ALL_FDIC_201904,"1,324,852,253",PR_RECORD_ID,5555123882,TRADE_NAME_RECORD_ID,FIRST BANK SHELBYVILLE,TRADE_NAME
ALL_FDIC_201904,"1,324,858,909",PR_RECORD_ID,5555123885,TRADE_NAME_RECORD_ID,FIRST INDEPENDENT BANK,TRADE_NAME
ALL_FDIC_201904,"1,324,832,793",PR_RECORD_ID,5555123858,TRADE_NAME_RECORD_ID,CHASE PRIVATE CLIENT,TRADE_NAME
ALL_FDIC_201904,"1,324,833,880",PR_RECORD_ID,5555123861,TRADE_NAME_RECORD_ID,NEVADA STATE BANK,TRADE_NAME
ALL_FDIC_201904,"1,324,834,611",PR_RECORD_ID,5555123863,TRADE_NAME_RECORD_ID,BOFAML,TRADE_NAME
ALL_FDIC_201904,"1,324,836,061",PR_RECORD_ID,5555123868,TRADE_NAME_RECORD_ID,FIRST NATIONAL BANK NORTH PLATTE,TRADE_NAME
ALL_FDIC_201904,"1,324,836,127",PR_RECORD_ID,5555123869,TRADE_NAME_RECORD_ID,GONZALES NATIONAL BANK,TRADE_NAME
ALL_FDIC_201904,"1,324,834,484",PR_RECORD_ID,5555123862,TRADE_NAME_RECORD_ID,BRAZOS COUNTY BANK,TRADE_NAME
ALL_FDIC_201904,"1,324,839,017",PR_RECORD_ID,5555123873,TRADE_NAME_RECORD_ID,STATE BANK MATSHFIELD,TRADE_NAME
ALL_FDIC_201904,"1,324,849,726",PR_RECORD_ID,5555123881,TRADE_NAME_RECORD_ID,BOFAML,TRADE_NAME
ALL_FDIC_201904,"1,324,842,607",PR_RECORD_ID,5555123897,TRADE_NAME_RECORD_ID,AMTRUST BANK,TRADE_NAME
ALL_FDIC_201904,"1,324,836,061",PR_RECORD_ID,5555123893,TRADE_NAME_RECORD_ID,FIRST NATIONAL BANK FREMONT,TRADE_NAME
ALL_FDIC_201904,"1,324,836,826",PR_RECORD_ID,5555123894,TRADE_NAME_RECORD_ID,SECURITY NATIONAL BANK,TRADE_NAME
ALL_FDIC_201904,"1,324,844,836",PR_RECORD_ID,5555123901,TRADE_NAME_RECORD_ID,BANK OF PLATTSBURG,TRADE_NAME
ALL_FDIC_201904,"1,324,832,793",PR_RECORD_ID,5555123886,TRADE_NAME_RECORD_ID,J.P.MORGAN PRIVATE BANK,TRADE_NAME
ALL_FDIC_201904,"1,324,833,880",PR_RECORD_ID,5555123889,TRADE_NAME_RECORD_ID,THE COMMERCE BANK OF WASHINGTON,TRADE_NAME
ALL_FDIC_201904,"1,324,835,009",PR_RECORD_ID,5555123891,TRADE_NAME_RECORD_ID,VIO BANK,TRADE_NAME
ALL_FDIC_201904,"1,324,858,108",PR_RECORD_ID,5555123905,TRADE_NAME_RECORD_ID,STAMFORD BANK AND TRUST,TRADE_NAME
ALL_FDIC_201904,"1,324,833,849",PR_RECORD_ID,5555123888,TRADE_NAME_RECORD_ID,BANK OF BUTTE,TRADE_NAME
ALL_FDIC_201904,"1,324,842,843",PR_RECORD_ID,5555123898,TRADE_NAME_RECORD_ID,MBT LENDING,TRADE_NAME
ALL_FDIC_201904,"1,324,833,447",PR_RECORD_ID,5555123887,TRADE_NAME_RECORD_ID,"BANK OF MOBERLY, A DIVISION OF BANK OF KIRKSVILLE",TRADE_NAME
ALL_FDIC_201904,"1,324,834,611",PR_RECORD_ID,5555123890,TRADE_NAME_RECORD_ID,MERRILL,TRADE_NAME
ALL_FDIC_201904,"1,324,835,137",PR_RECORD_ID,5555123892,TRADE_NAME_RECORD_ID,BANK OF OKLAHOMA,TRADE_NAME
ALL_FDIC_201904,"1,324,838,965",PR_RECORD_ID,5555123895,TRADE_NAME_RECORD_ID,THE BANK 1905,TRADE_NAME
ALL_FDIC_201904,"1,324,840,231",PR_RECORD_ID,5555123896,TRADE_NAME_RECORD_ID,PAONIA STATE BANK A BRANCH OF FIRST STATE BANK OF COLORADO,TRADE_NAME
ALL_FDIC_201904,"1,324,844,674",PR_RECORD_ID,5555123900,TRADE_NAME_RECORD_ID,FONDULAC BANK,TRADE_NAME
ALL_FDIC_201904,"1,324,844,302",PR_RECORD_ID,5555123899,TRADE_NAME_RECORD_ID,THE GUARANTY BANK,TRADE_NAME
ALL_FDIC_201904,"1,324,849,726",PR_RECORD_ID,5555123902,TRADE_NAME_RECORD_ID,MERRILL,TRADE_NAME
ALL_FDIC_201904,"1,324,852,253",PR_RECORD_ID,5555123903,TRADE_NAME_RECORD_ID,MUTUAL FEDERAL A DIVISION OF FIRST BANK RICHMOND,TRADE_NAME
ALL_FDIC_201904,"1,324,854,456",PR_RECORD_ID,5555123904,TRADE_NAME_RECORD_ID,MOUNTAIN WEST BANK,TRADE_NAME
ALL_FDIC_201904,"1,324,858,909",PR_RECORD_ID,5555123906,TRADE_NAME_RECORD_ID,TORREY PINES BANK,TRADE_NAME
ALL_FDIC_201904,"1,324,844,674",PR_RECORD_ID,5555123914,TRADE_NAME_RECORD_ID,FONDULAC BANKING CENTER,TRADE_NAME
ALL_FDIC_201904,"1,324,849,726",PR_RECORD_ID,5555123915,TRADE_NAME_RECORD_ID,MERRILL LYNCH,TRADE_NAME
ALL_FDIC_201904,"1,324,858,108",PR_RECORD_ID,5555123917,TRADE_NAME_RECORD_ID,INSURBANC,TRADE_NAME
ALL_FDIC_201904,"1,324,854,456",PR_RECORD_ID,5555123916,TRADE_NAME_RECORD_ID,FIRST BANK,TRADE_NAME
ALL_FDIC_201904,"1,324,858,909",PR_RECORD_ID,5555123918,TRADE_NAME_RECORD_ID,ALLIANCE ASSOCIATION BANK,TRADE_NAME
ALL_FDIC_201904,"1,324,836,061",PR_RECORD_ID,5555123911,TRADE_NAME_RECORD_ID,CASTLE BANK,TRADE_NAME
ALL_FDIC_201904,"1,324,836,826",PR_RECORD_ID,5555123912,TRADE_NAME_RECORD_ID,SECOND NATIONAL BANK,TRADE_NAME
ALL_FDIC_201904,"1,324,842,607",PR_RECORD_ID,5555123913,TRADE_NAME_RECORD_ID,OHIO SAVINGS BANK,TRADE_NAME
ALL_FDIC_201904,"1,324,835,137",PR_RECORD_ID,5555123910,TRADE_NAME_RECORD_ID,BANK OF TEXAS,TRADE_NAME
ALL_FDIC_201904,"1,324,833,849",PR_RECORD_ID,5555123907,TRADE_NAME_RECORD_ID,BANK OF PLENTYWOOD,TRADE_NAME
ALL_FDIC_201904,"1,324,833,880",PR_RECORD_ID,5555123908,TRADE_NAME_RECORD_ID,VECTRA BANK COLORADO,TRADE_NAME
ALL_FDIC_201904,"1,324,834,611",PR_RECORD_ID,5555123909,TRADE_NAME_RECORD_ID,MERRILL LYNCH,TRADE_NAME
